Name ,State,Party,twitter
"Adams, Alma",NC,D,AlmaforCongress
"Adams, Alma",NC,D,RepAdams
"Aderholt, Robert",AL,R,Robert_Aderholt
"Aguilar, Pete",CA,D,aguilarpete
"Aguilar, Pete",CA,D,AguilarCampaign
"Aguilar, Pete",CA,D,RepPeteAguilar
"Allen, Rick",GA,R,rickallen
"Allen, Rick",GA,R,RepRickAllen
"Allred, Colin",TX,D,RepColinAllred
"Allred, Colin",TX,D,ColinAllredTX
"Amodei, Mark",NV,R,AmodeiForNevada
"Amodei, Mark",NV,R,MarkAmodeiNV2
"Armstrong, Kelly",ND,R,Armstrong_ND
"Armstrong, Kelly",ND,R,RepArmstrongND
"Arrington, Jodey",TX,R,JodeyArrington
"Arrington, Jodey",TX,R,RepArrington
"Auchincloss, Jake",MA,D,JakeAuch
"Auchincloss, Jake",MA,D,RepAuchincloss
"Axne, Cindy",IA,D,Axne4Congress
"Axne, Cindy",IA,D,RepCindyAxne
"Babin, Brian",TX,R,Babin4Congress
"Babin, Brian",TX,R,RepBrianBabin
"Bacon, Don",NE,R,DonJBacon
"Bacon, Don",NE,R,RepDonBacon
"Baird, Jim",IN,R,ElectJimBaird
"Baird, Jim",IN,R,RepJimBaird
"Balderson, Troy",OH,R,Troy_Balderson
"Balderson, Troy",OH,R,RepBalderson
"Banks, Jim",IN,R,Jim_Banks
"Banks, Jim",IN,R,RepJimBanks
"Barr, Andy",KY,R,barrforcongress
"Barr, Andy",KY,R,RepAndyBarr
"Barragán, Nanette",CA,D,Nanette4CA
"Barragán, Nanette",CA,D,RepBarragan
"Bass, Karen",CA,D,KarenBassTweets
"Bass, Karen",CA,D,RepKarenBass
"Beatty, Joyce",OH,D,JoyceBeatty
"Beatty, Joyce",OH,D,RepBeatty
"Bentz, Cliff",OR,R,CliffBentz
"Bentz, Cliff",OR,R,RepBentz
"Bera, Ami",CA,D,BeraForCongress
"Bera, Ami",CA,D,RepBera
"Bergman, Jack",MI,R,JackBergman_MI1
"Bergman, Jack",MI,R,RepJackBergman
"Beyer, Don",VA,D,DonBeyerVA
"Beyer, Don",VA,D,RepDonBeyer
"Bice, Stephanie I.",OK,R,stephaniebice
"Bice, Stephanie I.",OK,R,RepBice
"Biggs, Andy",AZ,R,andybiggs4az
"Biggs, Andy",AZ,R,RepAndyBiggsAZ
"Bilirakis, Gus M.",FL,R,RepGusBilirakis
"Bishop Jr., Sanford D.",GA,D,SanfordBishop
"Bishop, Dan",NC,R,jdanbishop
"Bishop, Dan",NC,R,RepDanBishop
"Blumenauer, Earl",OR,D,repblumenauer
"Blunt Rochester, Lisa",DE,D,repbrochester
"Blunt Rochester, Lisa",DE,D,RepLBR
"Boebert, Lauren",CO,R,laurenboebert
"Boebert, Lauren",CO,R,RepBoebert
"Bonamici, Suzanne",OR,D,RepBonamici
"Bost, Mike",IL,R,BostForCongress
"Bost, Mike",IL,R,RepBost
"Bourdeaux, Carolyn",GA,D,Carolyn4GA7
"Bourdeaux, Carolyn",GA,D,RepBourdeaux
"Bowman, Jamaal",NY,D,JamaalBowmanNY
"Bowman, Jamaal",NY,D,RepBowman
"Boyle, Brendan",PA,D,repbrendanboyle
"Boyle, Brendan",PA,D,CongBoyle
"Brady, Kevin",TX,R,bradyfortexas
"Brady, Kevin",TX,R,RepKevinBrady
"Brooks, Mo",AL,R,MoBrooks
"Brooks, Mo",AL,R,RepMoBrooks
"Brown, Anthony",MD,D,anthonybrownmd4
"Brown, Anthony",MD,D,RepAnthonyBrown
"Brownley, Julia",CA,D,JuliaBrownley
"Brownley, Julia",CA,D,RepBrownley
"Buchanan, Vern",FL,R,VernBuchanan
"Buck, Ken",CO,R,BuckForColorado
"Buck, Ken",CO,R,RepKenBuck
"Bucshon, Larry",IN,R,DrLarryBucshon
"Bucshon, Larry",IN,R,RepLarryBucshon
"Budd, Ted",NC,R,buddforcongress
"Budd, Ted",NC,R,RepTedBudd
"Burchett, Tim",TN,R,timburchett
"Burchett, Tim",TN,R,RepTimBurchett
"Burgess, Michael",TX,R,DrBurgessTX
"Burgess, Michael",TX,R,michaelcburgess
"Bush, Cori",MO,D,CoriBush
"Bush, Cori",MO,D,RepCori
"Bustos, Cheri",IL,D,CheriBustos
"Bustos, Cheri",IL,D,RepCheri
"Butterfield, G.K.",NC,D,GKButterfield
"Calvert, Ken",CA,R,TeamCalvert
"Calvert, Ken",CA,R,KenCalvert
"Cammack, Kat",FL,R,Kat_Cammack
"Cammack, Kat",FL,R,RepKatCammack
"Carbajal, Salud",CA,D,carbajalsalud
"Carbajal, Salud",CA,D,RepCarbajal
"Cárdenas, Tony",CA,D,Tcardenas
"Cárdenas, Tony",CA,D,RepCardenas
"Carl, Jerry L.",AL,R,CarlForAlabama
"Carl, Jerry L.",AL,R,RepJerryCarl
"Carson, André",IN,D,Andre4Congress
"Carson, André",IN,D,RepAndreCarson
"Carter, Buddy",GA,R,Buddy_Carter
"Carter, Buddy",GA,R,RepBuddyCarter
"Carter, John",TX,R,JudgeJohnCarter
"Carter, John",TX,R,JudgeCarter
"Cartwright, Matt",PA,D,CartwrightPA
"Cartwright, Matt",PA,D,RepCartwright
"Case, Ed",HI,D,EdCaseHawaii
"Case, Ed",HI,D,RepEdCase
"Casten, Sean",IL,D,SeanCasten
"Casten, Sean",IL,D,RepCasten
"Castor, Kathy",FL,D,KathyCastorFL
"Castor, Kathy",FL,D,USRepKCastor
"Castro, Joaquin",TX,D,Castro4Congress
"Castro, Joaquin",TX,D,JoaquinCastrotx
"Cawthorn, Madison",NC,R,CawthornforNC
"Cawthorn, Madison",NC,R,RepCawthorn
"Chabot, Steve",OH,R,SteveChabot
"Chabot, Steve",OH,R,RepSteveChabot
"Cheney, Liz",WY,R,Liz_Cheney
"Cheney, Liz",WY,R,RepLizCheney
"Chu, Judy",CA,D,RepJudyChu
"Chu, Judy",CA,D,RepJudyChu
"Cicilline, David",RI,D,davidcicilline
"Cicilline, David",RI,D,RepCicilline
"Clark, Katherine",MA,D,KatherineClark
"Clark, Katherine",MA,D,RepKClark
"Clarke, Yvette D.",NY,D,VoteYvette
"Clarke, Yvette D.",NY,D,RepYvetteClarke
"Cleaver, Emanuel",MO,D,Vote4Cleaver
"Cleaver, Emanuel",MO,D,repcleaver
"Cline, Ben",VA,R,Cline4Virginia
"Cline, Ben",VA,R,RepBenCline
"Cloud, Michael",TX,R,MichaelJCloud
"Cloud, Michael",TX,R,RepCloudTX
"Clyburn, James E.",SC,D,ClyburnSC06
"Clyburn, James E.",SC,D,WhipClyburn
"Clyde, Andrew S.",GA,R,
"Cohen, Steve",TN,D,ReElectCohen
"Cohen, Steve",TN,D,RepCohen
"Cole, Tom",OK,R,TomColeOK04
"Comer, James",KY,R,KYComer
"Comer, James",KY,R,RepJamesComer
"Connolly, Gerald E. ""Gerry""",VA,D,ElectConnolly
"Connolly, Gerald E. ""Gerry""",VA,D,GerryConnolly
"Cooper, Jim",TN,D,CoopForCongress
"Cooper, Jim",TN,D,repjimcooper
"Correa, J. Luis",CA,D,RepLouCorrea
"Costa, Jim",CA,D,RepJimCosta
"Courtney, Joe",CT,D,JoeCourtneyCT
"Courtney, Joe",CT,D,RepJoeCourtney
"Craig, Angie",MN,D,AngieCraigMN
"Craig, Angie",MN,D,RepAngieCraig
"Crawford, Rick",AR,R,RepRickCrawford
"Crenshaw, Dan",TX,R,DanCrenshawTX
"Crenshaw, Dan",TX,R,RepDanCrenshaw
"Crist, Charlie",FL,D,CharlieCrist
"Crist, Charlie",FL,D,RepCharlieCrist
"Crow, Jason",CO,D,JasonCrowCO6
"Crow, Jason",CO,D,RepJasonCrow
"Cuellar, Henry",TX,D,CuellarCampaign
"Cuellar, Henry",TX,D,RepCuellar
"Curtis, John R.",UT,R,CurtisUT
"Curtis, John R.",UT,R,RepJohnCurtis
"Davids, Sharice",KS,D,sharicedavids
"Davids, Sharice",KS,D,RepDavids
"Davidson, Warren",OH,R,Vote_Davidson
"Davidson, Warren",OH,R,WarrenDavidson
"Davis, Danny K.",IL,D,RepDannyDavis
"Davis, Rodney",IL,R,ElectRodney
"Davis, Rodney",IL,R,RodneyDavis
"Dean, Madeleine",PA,D,mad4pa
"Dean, Madeleine",PA,D,RepDean
"DeFazio, Peter",OR,D,DeFazio4Oregon
"DeFazio, Peter",OR,D,RepPeterDeFazio
"DeGette, Diana",CO,D,DeGette5280
"DeGette, Diana",CO,D,RepDianaDeGette
"DeLauro, Rosa L.",CT,D,Rosa_DeLauro
"DeLauro, Rosa L.",CT,D,rosadelauro
"DelBene, Suzan",WA,D,SuzanDelBene
"DelBene, Suzan",WA,D,RepDelBene
"Delgado, Antonio",NY,D,DelgadoforNY19
"Delgado, Antonio",NY,D,repdelgado
"Demings, Val",FL,D,val_demings
"Demings, Val",FL,D,RepValDemings
"DeSaulnier, Mark",CA,D,MarkDeSaulnier
"DeSaulnier, Mark",CA,D,RepDeSaulnier
"DesJarlais, Scott",TN,R,tndesjarlais
"DesJarlais, Scott",TN,R,DesJarlaisTN04
"Deutch, Ted",FL,D,TedDeutch
"Deutch, Ted",FL,D,TedforCongress
"Deutch, Ted",FL,D,RepTedDeutch
"Diaz-Balart, Mario",FL,R,MarioDB
"Dingell, Debbie",MI,D,DebDingell
"Dingell, Debbie",MI,D,RepDebDingell
"Doggett, Lloyd",TX,D,LloydDoggettTX
"Doggett, Lloyd",TX,D,RepLloydDoggett
"Donalds, Byron",FL,R,ByronDonalds
"Donalds, Byron",FL,R,RepDonaldsPress
"Doyle, Michael",PA,D,rep_doyle
"Doyle, Michael",PA,D,USRepMikeDoyle
"Duncan, Jeff",SC,R,JeffDenham
"Duncan, Jeff",SC,R,RepJeffDuncan
"Dunn, Neal",FL,R,DunnCampaign
"Dunn, Neal",FL,R,DrNealDunnFL2
"Ellzey, Jake",TX,R,JakeEllzey
"Ellzey, Jake",TX,R,RepEllzey
"Emmer, Tom",MN,R,tomemmer
"Emmer, Tom",MN,R,RepTomEmmer
"Escobar, Veronica",TX,D,vgescobar
"Escobar, Veronica",TX,D,RepEscobar
"Eshoo, Anna G.",CA,D,Eshoo4Congress
"Eshoo, Anna G.",CA,D,RepAnnaEshoo
"Espaillat, Adriano",NY,D,EspaillatNY
"Espaillat, Adriano",NY,D,RepEspaillat
"Estes, Ron",KS,R,RonEstesKS
"Estes, Ron",KS,R,RepRonEstes
"Evans, Dwight",PA,D,DwightEvansPA
"Evans, Dwight",PA,D,RepDwightEvans
"Fallon, Pat",TX,R,FallonForTexas
"Fallon, Pat",TX,R,RepPatFallon
"Feenstra, Randy",IA,R,RandyFeenstra
"Feenstra, Randy",IA,R,RepFeenstra
"Ferguson, A. Drew",GA,R,DrewFergusonGA
"Ferguson, A. Drew",GA,R,RepDrewFerguson
"Fischbach, Michelle",MN,R,FischbachMN7
"Fischbach, Michelle",MN,R,RepFischbach
"Fitzgerald, Scott",WI,R,FitzgeraldForWI
"Fitzgerald, Scott",WI,R,RepFitzgerald
"Fitzpatrick, Brian",PA,R,BrianFitzUSA
"Fitzpatrick, Brian",PA,R,RepBrianFitz
"Fleischmann, Chuck",TN,R,chuck4congress
"Fleischmann, Chuck",TN,R,RepChuck
"Fletcher, Lizzie",TX,D,Lizzie4Congress
"Fletcher, Lizzie",TX,D,RepFletcher
"Fortenberry, Jeff",NE,R,supportfortNE
"Fortenberry, Jeff",NE,R,JeffFortenberry
"Foster, Bill",IL,D,RepBillFoster
"Foxx, Virginia",NC,R,foxxforcongress
"Foxx, Virginia",NC,R,virginiafoxx
"Frankel, Lois",FL,D,LoisFrankel
"Frankel, Lois",FL,D,RepLoisFrankel
"Franklin, C. Scott",FL,R,ScottFranklinFL
"Franklin, C. Scott",FL,R,RepFranklin
"Fudge, Marcia L.",OH,D,mlfudge
"Fudge, Marcia L.",OH,D,RepMarciaFudge
"Fulcher, Russ",ID,R,RussFulcher
"Fulcher, Russ",ID,R,RepRussFulcher
"Gaetz, Matt",FL,R,mattgaetz
"Gaetz, Matt",FL,R,RepMattGaetz
"Gallagher, Mike",WI,R,MikeforWI
"Gallagher, Mike",WI,R,RepGallagher
"Gallego, Ruben",AZ,D,RubenGallego
"Gallego, Ruben",AZ,D,RepRubenGallego
"Garamendi, John",CA,D,JohnGaramendi
"Garamendi, John",CA,D,RepGaramendi
"Garbarino, Andrew R.",NY,R,GarbarinoforNY
"Garbarino, Andrew R.",NY,R,RepGarbarino
"García, Jesús ""Chuy""",IL,D,ChuyForCongress
"García, Jesús ""Chuy""",IL,D,RepChuyGarcia
"Garcia, Mike",CA,R,ElectMikeGarcia
"Garcia, Mike",CA,R,RepMikeGarcia
"Garcia, Sylvia",TX,D,LaCongresista
"Garcia, Sylvia",TX,D,RepSylviaGarcia
"Gibbs, Bob",OH,R,RepBobGibbs
"Gimenez, Carlos A.",FL,R,CarlosGimenezFL
"Gimenez, Carlos A.",FL,R,RepCarlos
"Gohmert, Louie",TX,R,LouieGohmertTX1
"Gohmert, Louie",TX,R,replouiegohmert
"Golden, Jared",ME,D,golden4congress
"Golden, Jared",ME,D,RepGolden
"Gomez, Jimmy",CA,D,JimmyGomezCA
"Gomez, Jimmy",CA,D,RepJimmyGomez
"Gonzales, Tony",TX,R,TonyGonzales4TX
"Gonzales, Tony",TX,R,RepTonyGonzales
"González-Cólón, Jenniffer",PR,R,RepJenniffer
"Gonzalez, Anthony",OH,R,anthonygonzalez
"Gonzalez, Anthony",OH,R,RepAGonzalez
"Gonzalez, Vicente",TX,D,vicentecongress
"Gonzalez, Vicente",TX,D,RepGonzalez
"Good, Bob",VA,R,GoodForCongress
"Good, Bob",VA,R,RepBobGood
"Gooden, Lance",TX,R,RepLanceGooden
"Gooden, Lance",TX,R,Lancegooden
"Gosar, Paul A.",AZ,R,DrPaulGosar
"Gosar, Paul A.",AZ,R,RepGosar
"Gottheimer, Josh",NJ,D,JoshGottheimer
"Gottheimer, Josh",NJ,D,RepJoshG
"Granger, Kay",TX,R,GrangerCampaign
"Granger, Kay",TX,R,RepKayGranger
"Graves, Garret",LA,R,garretgraves
"Graves, Garret",LA,R,RepGarretGraves
"Graves, Sam",MO,R,RepSamGraves
"Green, Al",TX,D,RepAlGreen
"Green, Mark",TN,R,DrMarkGreen4TN
"Green, Mark",TN,R,RepMarkGreen
"Greene, Marjorie Taylor",GA,R,mtgreenee
"Greene, Marjorie Taylor",GA,R,RepMTG
"Griffith, Morgan",VA,R,MorganGriffith
"Griffith, Morgan",VA,R,RepMGriffith
"Grijalva, Raul",AZ,D,standwithraul
"Grijalva, Raul",AZ,D,RepRaulGrijalva
"Grothman, Glenn",WI,R,GrothmanforWI
"Grothman, Glenn",WI,R,RepGrothman
"Guest, Michael",MS,R,GuestCongress
"Guest, Michael",MS,R,RepMichaelGuest
"Guthrie, S. Brett",KY,R,brettguthrie
"Guthrie, S. Brett",KY,R,RepGuthrie
"Haaland, Debra",NM,D,Deb4CongressNM
"Haaland, Debra",NM,D,RepDebHaaland
"Hagedorn, Jim",MN,R,JimHagedornMN
"Hagedorn, Jim",MN,R,RepHagedorn
"Harder, Josh",CA,D,joshua_harder
"Harder, Josh",CA,D,RepJoshHarder
"Harris, Andy",MD,R,Harris4Congress
"Harris, Andy",MD,R,RepAndyHarrisMD
"Harshbarger, Diana",TN,R,DHarshbargerTN1
"Harshbarger, Diana",TN,R,RepHarshbarger
"Hartzler, Vicky",MO,R,VickyH4Congress
"Hartzler, Vicky",MO,R,RepHartzler
"Hastings, Alcee L.",FL,D,alcee4congress
"Hastings, Alcee L.",FL,D,RepHastingsFL
"Hayes, Jahana",CT,D,JahanaHayesCT
"Hayes, Jahana",CT,D,JahanaHayes
"Hayes, Jahana",CT,D,RepJahanaHayes
"Hern, Kevin",OK,R,krhern
"Hern, Kevin",OK,R,repkevinhern
"Herrell, Yvette",NM,R,Yvette4congress
"Herrell, Yvette",NM,R,RepHerrell
"Herrera Butler, Jaime",WA,R,JaimeForUSRep
"Herrera Butler, Jaime",WA,R,HerreraBeutler
"Hice, Jody",GA,R,jodyhice
"Hice, Jody",GA,R,CongressmanHice
"Higgins, Brian",NY,D,Higgins4WNY
"Higgins, Brian",NY,D,RepBrianHiggins
"Higgins, Clay",LA,R,captclayhiggins
"Higgins, Clay",LA,R,RepClayHiggins
"Hill, French",AR,R,ElectFrench
"Hill, French",AR,R,RepFrenchHill
"Himes, Jim",CT,D,jahimes
"Hinson, Ashley",IA,R,hinsonashley
"Hinson, Ashley",IA,R,RepAshleyHinson
"Hollingsworth, Trey",IN,R,VoteForTrey
"Hollingsworth, Trey",IN,R,RepTrey
"Horsford, Steven",NV,D,StevenHorsford
"Horsford, Steven",NV,D,RepHorsford
"Houlahan, Chrissy",PA,D,HoulahanForPa
"Houlahan, Chrissy",PA,D,RepHoulahan
"Hoyer, Steny H.",MD,D,StenyHoyer
"Hoyer, Steny H.",MD,D,LeaderHoyer
"Hudson, Richard",NC,R,RichHudson
"Hudson, Richard",NC,R,RepRichHudson
"Huffman, Jared",CA,D,jaredhuffman
"Huffman, Jared",CA,D,RepHuffman
"Huizenga, Bill",MI,R,billhuizenga
"Huizenga, Bill",MI,R,RepHuizenga
"Issa, Darrell",CA,R,DarrellIssa
"Issa, Darrell",CA,R,repdarrellissa
"Jackson Lee, Sheila",TX,D,TX18CongWOMAN
"Jackson Lee, Sheila",TX,D,JacksonLeeTX18
"Jackson, Ronny",TX,R,RonnyJacksonTX
"Jackson, Ronny",TX,R,RepRonnyJackson
"Jacobs, Chris",NY,R,JacobsNY27
"Jacobs, Chris",NY,R,RepJacobs
"Jacobs, Sara",CA,D,SaraJacobsCA
"Jacobs, Sara",CA,D,RepSaraJacobs
"Jayapal, Pramila",WA,D,PramilaJayapal
"Jayapal, Pramila",WA,D,RepJayapal
"Jeffries, Hakeem",NY,D,hakeemjeffries
"Jeffries, Hakeem",NY,D,RepJeffries
"Johnson, Bill",OH,R,JohnsonLeads
"Johnson, Bill",OH,R,RepBillJohnson
"Johnson, Dusty",SD,R,DustyJohnson
"Johnson, Dusty",SD,R,RepDustyJohnson
"Johnson, Eddie Bernice",TX,D,RepEBJ
"Johnson, Henry C. ""Hank"" Jr.",GA,D,ReElectHank
"Johnson, Henry C. ""Hank"" Jr.",GA,D,RepHankJohnson
"Johnson, Mike",LA,R,RepMikeJohnson
"Jones, Mondaire",NY,D,MondaireJones
"Jones, Mondaire",NY,D,RepMondaire
"Jordan, Jim",OH,R,Votejimjordan
"Jordan, Jim",OH,R,Jim_Jordan
"Joyce, David",OH,R,DaveJoyceOH14
"Joyce, David",OH,R,RepDaveJoyce
"Joyce, John",PA,R,JohnJoyceForPA
"Joyce, John",PA,R,RepJohnJoyce
"Kahele, Kaiali'i",HI,D,kaikahele
"Kahele, Kaiali'i",HI,D,KaheleRep
"Kaptur, Marcy",OH,D,Marcy_Kaptur
"Kaptur, Marcy",OH,D,RepMarcyKaptur
"Katko, John",NY,R,RepJohnKatko
"Keating, William",MA,D,WilliamKeating
"Keating, William",MA,D,USRepKeating
"Keller, Fred",PA,R,VoteFredKeller
"Keller, Fred",PA,R,RepFredKeller
"Kelly, Mike",PA,R,MikeKellyforPA
"Kelly, Mike",PA,R,MikeKellyPA
"Kelly, Robin",IL,D,RobinLynneKelly
"Kelly, Robin",IL,D,RepRobinKelly
"Kelly, Trent",MS,R,RepTrentKelly
"Khanna, Ro",CA,D,RoKhanna
"Khanna, Ro",CA,D,rokhannausa
"Khanna, Ro",CA,D,RepRoKhanna
"Kildee, Dan",MI,D,dankildee
"Kildee, Dan",MI,D,RepDanKildee
"Kilmer, Derek",WA,D,DerekKilmer
"Kilmer, Derek",WA,D,RepDerekKilmer
"Kim, Andy",NJ,D,AndyKimNJ
"Kim, Andy",NJ,D,RepAndyKimNJ
"Kim, Young",CA,R,YoungKimCA
"Kim, Young",CA,R,RepYoungKim
"Kind, Ron",WI,D,KindforCongress
"Kind, Ron",WI,D,RepRonKind
"Kinzinger, Adam",IL,R,AdamKinzinger
"Kinzinger, Adam",IL,R,RepKinzinger
"Kirkpatrick, Ann",AZ,D,Ann_Kirkpatrick
"Kirkpatrick, Ann",AZ,D,RepKirkpatrick
"Krishnamoorthi, Raja",IL,D,RajaForCongress
"Krishnamoorthi, Raja",IL,D,CongressmanRaja
"Kuster, Ann",NH,D,AnnMcLaneKuster
"Kuster, Ann",NH,D,RepAnnieKuster
"Kustoff, David",TN,R,DavidKustoff
"Kustoff, David",TN,R,RepDavidKustoff
"LaHood, Darin",IL,R,ElectLaHood
"LaHood, Darin",IL,R,RepLaHood
"LaMalfa, Doug",CA,R,DougLaMalfa
"LaMalfa, Doug",CA,R,RepLaMalfa
"Lamb, Conor",PA,D,ConorLambPA
"Lamb, Conor",PA,D,RepConorLamb
"Lamborn, Doug",CO,R,DougLambornCD5
"Lamborn, Doug",CO,R,RepDLamborn
"Langevin, Jim",RI,D,LangevinForRI
"Langevin, Jim",RI,D,JimLangevin
"Larsen, Rick",WA,D,larsenrick
"Larsen, Rick",WA,D,RepRickLarsen
"Larson, John B.",CT,D,JohnLarsonCT
"Larson, John B.",CT,D,RepJohnLarson
"Latta, Robert E.",OH,R,latta4congress
"Latta, Robert E.",OH,R,boblatta
"LaTurner, Jake",KS,R,JakeLaTurner
"LaTurner, Jake",KS,R,RepLaTurner
"Lawrence, Brenda",MI,D,BrendaLLawrence
"Lawrence, Brenda",MI,D,RepLawrence
"Lawson, Al",FL,D,AlLawsonJr
"Lawson, Al",FL,D,RepAlLawsonJr
"Lee, Barbara",CA,D,BLeeForCongress
"Lee, Barbara",CA,D,RepBarbaraLee
"Lee, Susie",NV,D,SusieLeeNV
"Lee, Susie",NV,D,RepSusieLee
"Leger Fernandez, Teresa",NM,D,TeresaForNM
"Leger Fernandez, Teresa",NM,D,RepTeresaLF
"Lesko, Debbie",AZ,R,DebbieLesko
"Lesko, Debbie",AZ,R,RepDLesko
"Levin, Andy",MI,D,Andy_Levin
"Levin, Andy",MI,D,RepAndyLevin
"Levin, Mike",CA,D,MikeLevinCA
"Levin, Mike",CA,D,RepMikeLevin
"Lieu, Ted",CA,D,tedlieu
"Lieu, Ted",CA,D,RepTedLieu
"Lofgren, Zoe",CA,D,ZoeLofgren
"Lofgren, Zoe",CA,D,RepZoeLofgren
"Long, Billy",MO,R,USRepLong
"Loudermilk, Barry",GA,R,standwithbarry
"Loudermilk, Barry",GA,R,RepLoudermilk
"Lowenthal, Alan",CA,D,alanlowenthal
"Lowenthal, Alan",CA,D,RepLowenthal
"Lucas, Frank",OK,R,FrankDLucas
"Lucas, Frank",OK,R,RepFrankLucas
"Luetkemeyer, Blaine",MO,R,repblainepress
"Luetkemeyer, Blaine",MO,R,LuetkemeyerB
"Luetkemeyer, Blaine",MO,R,RepBlaine
"Luria, Elaine",VA,D,ElaineLuriaVA
"Luria, Elaine",VA,D,RepElaineLuria
"Lynch, Stephen F.",MA,D,RepLynch
"Lynch, Stephen F.",MA,D,RepStephenLynch
"Mace, Nancy",SC,R,NancyMace
"Mace, Nancy",SC,R,RepNancyMace
"Malinowski, Tom",NJ,D,Malinowski
"Malinowski, Tom",NJ,D,RepMalinowski
"Malliotakis, Nicole",NY,R,Nmalliotakis
"Malliotakis, Nicole",NY,R,RepMalliotakis
"Maloney, Carolyn",NY,D,CarolynBMaloney
"Maloney, Carolyn",NY,D,RepMaloney
"Maloney, Sean Patrick",NY,D,MaloneyforNY
"Maloney, Sean Patrick",NY,D,RepSeanMaloney
"Mann, Tracey",KS,R,TraceyMannKS
"Mann, Tracey",KS,R,RepMann
"Manning, Kathy E.",NC,D,KathyManningNC
"Manning, Kathy E.",NC,D,RepKManning
"Massie, Thomas",KY,R,Thomas_Massie
"Massie, Thomas",KY,R,ThomasMassieKY
"Massie, Thomas",KY,R,RepThomasMassie
"Mast, Brian",FL,R,BrianMastFL
"Mast, Brian",FL,R,RepBrianMast
"Matsui, Doris O.",CA,D,Matsui4Congress
"Matsui, Doris O.",CA,D,DorisMatsui
"McBath, Lucy",GA,D,lucymcbath
"McBath, Lucy",GA,D,RepLucyMcBath
"McCarthy, Kevin",CA,R,kevinomccarthy
"McCarthy, Kevin",CA,R,GOPLeader
"McCaul, Michael T.",TX,R,McCaulforTexas
"McCaul, Michael T.",TX,R,RepMcCaul
"McClain, Lisa C.",MI,R,LisaForCongress
"McClain, Lisa C.",MI,R,RepLisaMcClain
"McClintock, Tom",CA,R,tommcclintock
"McClintock, Tom",CA,R,RepMcClintock
"McCollum, Betty",MN,D,VoteBetty
"McCollum, Betty",MN,D,BettyMcCollum04
"McEachin, A. Donald",VA,D,Donald_McEachin
"McEachin, A. Donald",VA,D,RepMcEachin
"McGovern, James",MA,D,McGovernMA
"McGovern, James",MA,D,RepMcGovern
"McHenry, Patrick T.",NC,R,McHenryCampaign
"McHenry, Patrick T.",NC,R,PatrickMcHenry
"McKinley, David",WV,R,RepMcKinley
"McNerney, Jerry",CA,D,McGovernMA
"McNerney, Jerry",CA,D,RepMcNerney
"Meeks, Gregory W.",NY,D,GregMeeksNYC
"Meeks, Gregory W.",NY,D,RepGregoryMeeks
"Meijer, Peter",MI,R,VoteMeijer
"Meijer, Peter",MI,R,RepMeijer
"Meng, Grace",NY,D,Grace4NY
"Meng, Grace",NY,D,RepGraceMeng
"Meuser, Daniel",PA,R,Meuser4Congress
"Meuser, Daniel",PA,R,RepMeuser
"Mfume, Kweisi",MD,D,Mfume4Congress
"Mfume, Kweisi",MD,D,RepKweisiMfume
"Miller-Meeks, Mariannette",IA,R,millermeeks
"Miller-Meeks, Mariannette",IA,R,RepMMM
"Miller, Carol",WV,R,CarolMillerWV
"Miller, Carol",WV,R,RepCarolMiller
"Miller, Mary E.",WV,R,Miller_Congress
"Miller, Mary E.",WV,R,RepMaryMiller
"Moolenaar, John",MI,R,JohnMoolenaar
"Moolenaar, John",MI,R,RepMoolenaar
"Mooney, Alex",WV,R,MooneyforWV
"Mooney, Alex",WV,R,RepAlexMooney
"Moore, Barry",AL,R,RepBarryMoore
"Moore, Blake D.",UT,R,ElectBlakeMoore
"Moore, Blake D.",UT,R,RepBlakeMoore
"Moore, Gwen",WI,D,Gwen4Congress
"Moore, Gwen",WI,D,RepGwenMoore
"Morelle, Joseph",NY,D,votemorelle
"Morelle, Joseph",NY,D,RepJoeMorelle
"Moulton, Seth",MA,D,sethmoulton
"Moulton, Seth",MA,D,teammoulton
"Mrvan, Frank J.",IN,D,mrvan4congress
"Mrvan, Frank J.",IN,D,RepMrvan
"Mullin, Markwayne",OK,R,MarkwayneMullin
"Mullin, Markwayne",OK,R,RepMullin
"Murphy, Gregory Francis",NC,R,GregMurphyMD
"Murphy, Gregory Francis",NC,R,RepGregMurphy
"Murphy, Stephanie",FL,D,SMurphyCongress
"Murphy, Stephanie",FL,D,RepStephMurphy
"Nadler, Jerrold",NY,D,JerryNadler
"Nadler, Jerrold",NY,D,RepJerryNadler
"Napolitano, Grace",CA,D,gracenapolitano
"Neal, Richard E.",MA,D,NealForCongress
"Neal, Richard E.",MA,D,RepRichardNeal
"Neguse, Joe",CO,D,JoeNeguse
"Neguse, Joe",CO,D,RepJoeNeguse
"Nehls, Troy E.",TX,R,SheriffTNehls
"Nehls, Troy E.",TX,R,RepTroyNehls
"Newhouse, Dan",WA,R,Newhouse4Rep
"Newhouse, Dan",WA,R,RepNewhouse
"Newman, Marie",IL,D,Marie4Congress
"Newman, Marie",IL,D,RepMarieNewman
"Norcross, Donald",NJ,D,DonNorcross4NJ
"Norcross, Donald",NJ,D,DonaldNorcross
"Norman, Ralph",SC,R,RalphNorman
"Norman, Ralph",SC,R,RepRalphNorman
"Norton, Eleanor Holmes",DC,D,EleanorNorton
"Nunes, Devin",CA,R,DevinNunes
"Nunes, Devin",CA,R,DevinGNunes
"Nunes, Devin",CA,R,RepDevinNunes
"O'Halleran, Tom",AZ,D,TomOHalleran
"O'Halleran, Tom",AZ,D,RepOHalleran
"Obernolte, Jay",CA,R,TeamObernolte
"Obernolte, Jay",CA,R,JayObernolte
"Ocasio-Cortez, Alexandria",NY,D,AOC
"Ocasio-Cortez, Alexandria",NY,D,RepAOC
"Omar, Ilhan",MN,D,IlhanMN
"Omar, Ilhan",MN,D,Ilhan
"Owens, Burgess",UT,R,BurgessOwens
"Owens, Burgess",UT,R,RepBurgessOwens
"Palazzo, Steven",MS,R,StevenPalazzo
"Palazzo, Steven",MS,R,CongPalazzo
"Pallone Jr., Frank",NJ,D,pallonefornj
"Pallone Jr., Frank",NJ,D,FrankPallone
"Palmer, Gary",AL,R,Palmer4Alabama
"Palmer, Gary",AL,R,USRepGaryPalmer
"Panetta, Jimmy",CA,D,JimmyPanetta
"Panetta, Jimmy",CA,D,RepJimmyPanetta
"Pappas, Chris",NH,D,ChrisPappasNH
"Pappas, Chris",NH,D,RepChrisPappas
"Pascrell Jr., Bill",NJ,D,PascrellforNJ
"Pascrell Jr., Bill",NJ,D,BillPascrell
"Payne Jr., Donald",NJ,D,payne10thnj
"Payne Jr., Donald",NJ,D,DonaldPayneJr
"Payne Jr., Donald",NJ,D,RepDonaldPayne
"Pelosi, Nancy",CA,D,SpeakerPelosi
"Pence, Greg",IN,R,GregPenceIN
"Pence, Greg",IN,R,RepGregPence
"Perlmutter, Ed",CO,D,Ed4Colorado
"Perlmutter, Ed",CO,D,RepPerlmutter
"Perry, Scott",PA,R,Perry4Congress
"Perry, Scott",PA,R,RepScottPerry
"Peters, Scott",CA,D,ScottPetersSD
"Peters, Scott",CA,D,RepScottPeters
"Pfluger, August",TX,R,AugustPfluger
"Pfluger, August",TX,R,RepPfluger
"Phillips, Dean",MN,D,deanbphillips
"Phillips, Dean",MN,D,RepDeanPhillips
"Pingree, Chellie",ME,D,PingreeForME
"Pingree, Chellie",ME,D,chelliepingree
"Plaskett, Stacey",VI,D,StaceyPlaskett
"Pocan, Mark",WI,D,MarkPocan
"Pocan, Mark",WI,D,repmarkpocan
"Porter, Katie",CA,D,katieporteroc
"Porter, Katie",CA,D,RepKatiePorter
"Posey, Bill",FL,R,congbillposey
"Pressley, Ayanna",MA,D,AyannaPressley
"Pressley, Ayanna",MA,D,RepPressley
"Price, David",NC,D,DPrice4Congress
"Price, David",NC,D,RepDavidEPrice
"Quigley, Mike",IL,D,RepMikeQuigley
"Radewagen, Amata",AS,R,RepAmata
"Raskin, Jamie",MD,D,jamie_raskin
"Raskin, Jamie",MD,D,RepRaskin
"Reed, Tom",NY,R,TomReedCongress
"Reed, Tom",NY,R,RepTomReed
"Reschenthaler, Guy",PA,R,reschenthaler
"Reschenthaler, Guy",PA,R,GReschenthaler
"Rice, Kathleen",NY,D,KathleenRice
"Rice, Kathleen",NY,D,RepKathleenRice
"Rice, Tom",SC,R,TomRiceSC7
"Rice, Tom",SC,R,RepTomRice
"Rodgers, Cathy McMorris",WA,R,TeamCMR
"Rodgers, Cathy McMorris",WA,R,cathymcmorris
"Rogers, Harold",KY,R,RepHalRogers
"Rogers, Mike",AL,R,MikeRogersCamp
"Rogers, Mike",AL,R,RepMikeRogersAL
"Rose, John W.",TN,R,JohnRoseforTN
"Rose, John W.",TN,R,RepJohnRose
"Rosendale, Matthew M.",MT,R,MattForMontana
"Rosendale, Matthew M.",MT,R,RepRosendale
"Ross, Deborah K.",NC,D,DeborahRossNC
"Ross, Deborah K.",NC,D,RepDeborahRoss
"Rouzer, David",NC,R,DavidRouzer
"Rouzer, David",NC,R,RepDavidRouzer
"Roy, Chip",TX,R,chiproytx
"Roy, Chip",TX,R,RepChipRoy
"Roybal-Allard, Lucille",CA,D,RepRoybalAllard
"Ruiz, Raul",CA,D,Dr_RaulRuiz
"Ruiz, Raul",CA,D,RepRaulRuizMD
"Ruppersberger, C. A. Dutch",MD,D,GoDutchForMD
"Ruppersberger, C. A. Dutch",MD,D,Call_Me_Dutch
"Rush, Bobby L.",IL,D,BobbyLRushMC
"Rush, Bobby L.",IL,D,RepBobbyRush
"Rutherford, John",FL,R,JRutherfordFL
"Rutherford, John",FL,R,RepRutherfordFL
"Ryan, Tim",OH,D,TimRyan
"Ryan, Tim",OH,D,RepTimRyan
"Sablan, Gregorio",MP,D,Kilili_Sablan
"Salazar, Maria Elvira",FL,R,MaElviraSalazar
"Salazar, Maria Elvira",FL,R,RepMariaSalazar
"San Nicolas, Michael F. Q.",GU,D,GuamCongressman
"Sánchez, Linda",CA,D,LindaTSanchez
"Sánchez, Linda",CA,D,RepLindaSanchez
"Sarbanes, John P.",MD,D,JohnSarbanes
"Sarbanes, John P.",MD,D,RepSarbanes
"Scalise, Steve",LA,R,GeauxScalise
"Scalise, Steve",LA,R,SteveScalise
"Scanlon, Mary Gay",PA,D,marygayscanlon
"Scanlon, Mary Gay",PA,D,RepMGS
"Schakowsky, Jan",IL,D,RepSchakowsky
"Schakowsky, Jan",IL,D,janschakowsky
"Schiff, Adam",CA,D,AdamSchiff
"Schiff, Adam",CA,D,RepAdamSchiff
"Schneider, Bradley",IL,D,Schneider4IL10
"Schneider, Bradley",IL,D,RepSchneider
"Schrader, Kurt",OR,D,VoteSchrader
"Schrader, Kurt",OR,D,RepSchrader
"Schrier, Kim",WA,D,DrKimSchrier
"Schrier, Kim",WA,D,RepKimSchrier
"Schweikert, David",AZ,R,DavidSchweikert
"Schweikert, David",AZ,R,RepDavid
"Scott, Austin",GA,R,AustinScott4GA
"Scott, Austin",GA,R,AustinScottGA08
"Scott, David",GA,D,Electdavidscott
"Scott, David",GA,D,repdavidscott
"Scott, Robert C.",VA,D,BobbyScott4VA3
"Scott, Robert C.",VA,D,BobbyScott
"Sessions, Pete",TX,R,SessionsTX17
"Sessions, Pete",TX,R,PeteSessions
"Sewell, Terri A.",AL,D,Sewell4Congress
"Sewell, Terri A.",AL,D,RepTerriSewell
"Sherman, Brad",CA,D,BradSherman
"Sherrill, Mikie",NJ,D,MikieSherrill
"Sherrill, Mikie",NJ,D,RepSherrill
"Simpson, Mike",ID,R,MikeSimpson4ID
"Simpson, Mike",ID,R,CongMikeSimpson
"Sires, Albio",NJ,D,AlbioSiresNJ
"Sires, Albio",NJ,D,RepSires
"Slotkin, Elissa",MI,D,ElissaSlotkin
"Slotkin, Elissa",MI,D,RepSlotkin
"Smith, Adam",WA,D,electadamsmith
"Smith, Adam",WA,D,RepAdamSmith
"Smith, Adrian",NE,R,RepAdrianSmith
"Smith, Chris",NJ,R,RepChrisSmith
"Smith, Jason",MO,R,JasonSmithMO
"Smith, Jason",MO,R,RepJasonSmith
"Smucker, Lloyd",PA,R,LloydSmuckerPA
"Smucker, Lloyd",PA,R,RepSmucker
"Soto, Darren",FL,D,DarrenSoto
"Soto, Darren",FL,D,RepDarrenSoto
"Spanberger, Abigail",VA,D,SpanbergerVA07
"Spanberger, Abigail",VA,D,RepSpanberger
"Spartz, Victoria",IN,R,Victoria_Spartz
"Spartz, Victoria",IN,R,RepSpartz
"Speier, Jackie",CA,D,JackieSpeier
"Speier, Jackie",CA,D,RepSpeier
"Stanton, Greg",AZ,D,gregstantonaz
"Stanton, Greg",AZ,D,RepGregStanton
"Stauber, Pete",MN,R,PeteStauber
"Stauber, Pete",MN,R,RepPeteStauber
"Steel, Michelle",CA,R,MichelleSteelCA
"Steel, Michelle",CA,R,RepSteel
"Stefanik, Elise",NY,R,EliseStefanik
"Stefanik, Elise",NY,R,RepStefanik
"Steil, Bryan",WI,R,BryanSteil
"Steil, Bryan",WI,R,RepBryanSteil
"Steube, W. Gregory",FL,R,gregsteube
"Steube, W. Gregory",FL,R,RepGregSteube
"Stevens, Haley",MI,D,HaleyLive
"Stevens, Haley",MI,D,RepHaleyStevens
"Stewart, Chris",UT,R,StewartforUtah
"Stewart, Chris",UT,R,RepChrisStewart
"Stivers, Steve",OH,R,stevestivers
"Stivers, Steve",OH,R,RepSteveStivers
"Strickland, Marilyn",WA,D,StricklandforWA
"Strickland, Marilyn",WA,D,RepStricklandWA
"Suozzi, Thomas",NY,D,Tom_Suozzi
"Suozzi, Thomas",NY,D,RepTomSuozzi
"Swalwell, Eric",CA,D,ericswalwell
"Swalwell, Eric",CA,D,RepSwalwell
"Takano, Mark",CA,D,MarkTakano
"Takano, Mark",CA,D,RepMarkTakano
"Taylor, Van",TX,R,VanTaylorTX
"Taylor, Van",TX,R,RepVanTaylor
"Thompson, Bernie G.",MS,D,BGThompsonMS
"Thompson, Bernie G.",MS,D,BennieGThompson
"Thompson, Glenn",PA,R,CongressmanGT
"Thompson, Mike",CA,D,Mike_CA05
"Thompson, Mike",CA,D,RepThompson
"Tiffany, Thomas P.",WI,R,TomTiffanyWI
"Tiffany, Thomas P.",WI,R,RepTiffany
"Timmons, William",SC,R,votetimmons
"Timmons, William",SC,R,RepTimmons
"Titus, Dina",NV,D,dinatitus
"Titus, Dina",NV,D,repdinatitus
"Tlaib, Rashida",MI,D,RashidaTlaib
"Tlaib, Rashida",MI,D,RepRashida
"Tonko, Paul D.",NY,D,PaulTonko
"Tonko, Paul D.",NY,D,RepPaulTonko
"Torres, Norma",CA,D,Norma4Congress
"Torres, Norma",CA,D,NormaJTorres
"Torres, Ritchie",NY,D,RitchieTorres
"Torres, Ritchie",NY,D,RepRitchie
"Trahan, Lori",MA,D,latrahan
"Trahan, Lori",MA,D,RepLoriTrahan
"Trone, David",MD,D,davidjtrone
"Trone, David",MD,D,RepDavidTrone
"Turner, Mike",OH,R,MikeTurnerOH
"Turner, Mike",OH,R,RepMikeTurner
"Underwood, Lauren",IL,D,LaurenUnderwood
"Underwood, Lauren",IL,D,RepUnderwood
"Upton, Fred",MI,R,UptonForAllOfUs
"Upton, Fred",MI,R,RepFredUpton
"Valadao, David G.",CA,R,dgvaladao
"Valadao, David G.",CA,R,RepDavidValadao
"Van Drew, Jefferson",NJ,R,VanDrewForNJ
"Van Drew, Jefferson",NJ,R,CongressmanJVD
"Van Duyne, Beth",TX,R,Bethvanduyne
"Van Duyne, Beth",TX,R,RepBethVanDuyne
"Vargas, Juan",CA,D,juanf_vargas
"Vargas, Juan",CA,D,RepJuanVargas
"Veasey, Marc",TX,R,MarcVeasey
"Veasey, Marc",TX,R,RepVeasey
"Vela, Filemon",TX,D,FilemonVela
"Vela, Filemon",TX,D,RepFilemonVela
"Velázquez, Nydia M.",NY,D,ReElectNydia
"Velázquez, Nydia M.",NY,D,NydiaVelazquez
"Wagner, Ann",MO,R,AnnLWagner
"Wagner, Ann",MO,R,RepAnnWagner
"Walberg, Tim",MI,R,TimWalberg
"Walberg, Tim",MI,R,RepWalberg
"Walorski, Jackie",IN,R,jackiewalorski
"Walorski, Jackie",IN,R,RepWalorski
"Waltz, Michael",FL,R,RepMichaelWaltz
"Waltz, Michael",FL,R,michaelgwaltz
"Wasserman Schultz, Debbie",FL,R,dwstweets
"Wasserman Schultz, Debbie",FL,R,RepDWStweets
"Waters, Maxine",CA,D,maxinewaters
"Waters, Maxine",CA,D,RepMaxineWaters
"Watson Coleman, Bonnie",NJ,D,Bonnie4Congress
"Watson Coleman, Bonnie",NJ,D,RepBonnie
"Weber, Randy",TX,R,WeberforTexas
"Weber, Randy",TX,R,TXRandy14
"Webster, Daniel",FL,R,WebsterCongress
"Webster, Daniel",FL,R,RepWebster
"Welch, Peter",VT,D,WelchForVT
"Welch, Peter",VT,D,PeterWelch
"Wenstrup, Brad",OH,R,bradwenstrup
"Wenstrup, Brad",OH,R,RepBradWenstrup
"Westerman, Bruce",AR,R,bruce_westerman
"Westerman, Bruce",AR,R,WestermanAR
"Westerman, Bruce",AR,R,RepWesterman
"Wexton, Jennifer",VA,D,JenniferWexton
"Wexton, Jennifer",VA,D,RepWexton
"Wild, Susan",PA,D,wildforcongress
"Wild, Susan",PA,D,RepSusanWild
"Williams, Nikema",GA,D,NikemaWilliams
"Williams, Nikema",GA,D,RepNikema
"Williams, Roger",TX,R,RogerWilliamsTX
"Williams, Roger",TX,R,RepRWilliams
"Wilson, Frederica",FL,D,FSWInTheHouse
"Wilson, Frederica",FL,D,RepWilson
"Wilson, Joe",SC,R,CongJoeWilson
"Wilson, Joe",SC,R,RepJoeWilson
"Wittman, Robert J.",VA,R,ReElectWittman
"Wittman, Robert J.",VA,R,RobWittman
"Womack, Steve",AR,R,womack4congress
"Womack, Steve",AR,R,rep_stevewomack
"Wright, Ron",TX,R,ron4congress
"Wright, Ron",TX,R,RepRonWright
"Yarmuth, John A.",KY,D,RepJohnYarmuth
"Young, Don",AK,R,DonYoungAK
"Young, Don",AK,R,repdonyoung
"Zeldin, Lee",NY,R,leezeldin
"Zeldin, Lee",NY,R,RepLeeZeldin
"Baldwin, Tammy",WI,D,tammybaldwin
"Baldwin, Tammy",WI,D,SenatorBaldwin
"Barrasso, John",WY,R,barrassoforwyo
"Barrasso, John",WY,R,SenJohnBarrasso
"Bennet, Michael F.",CO,D,BennetForCO
"Bennet, Michael F.",CO,D,SenatorBennet
"Blackburn, Marsha",TN,R,VoteMarsha
"Blackburn, Marsha",TN,R,MarshaBlackburn
"Blumenthal, Richard",CT,D,DickBlumenthal
"Blumenthal, Richard",CT,D,SenBlumenthal
"Blunt, Roy",MO,R,RoyBlunt
"Booker, Cory A.",NJ,D,SenBooker
"Booker, Cory A.",NJ,D,CoryBooker
"Boozman, John",AR,R,Boozman4AR
"Boozman, John",AR,R,JohnBoozman
"Braun, Mike",IN,R,braun4indiana
"Braun, Mike",IN,R,SenatorBraun
"Brown, Sherrod",OH,D,SherrodBrown
"Brown, Sherrod",OH,D,SenSherrodBrown
"Burr, Richard",NC,R,BurrForSenate
"Burr, Richard",NC,R,SenatorBurr
"Cantwell, Maria",WA,D,MariaCantwell
"Cantwell, Maria",WA,D,SenatorCantwell
"Capito, Shelley Moore",WV,R,CapitoforWV
"Capito, Shelley Moore",WV,R,SenCapito
"Cardin, Benjamin L.",MD,D,BenCardinforMD
"Cardin, Benjamin L.",MD,D,SenatorCardin
"Carper, Thomas R.",DE,D,TomCarperforDE
"Carper, Thomas R.",DE,D,SenatorCarper
"Casey, Robert P. Jr.",PA,D,Bob_Casey
"Casey, Robert P. Jr.",PA,D,SenBobCasey
"Cassidy, Bill",LA,R,SenBillCassidy
"Collins, Susan M.",ME,R,SenSusanCollins
"Collins, Susan M.",ME,R,SenatorCollins
"Coons, Christopher A.",DE,D,sencoonsoffice
"Coons, Christopher A.",DE,D,ChrisCoons
"Cornyn, John",TX,R,TeamCornyn
"Cornyn, John",TX,R,JohnCornyn
"Cortez Masto, Catherine",NV,D,CatherineForNV
"Cortez Masto, Catherine",NV,D,SenCortezMasto
"Cotton, Tom",AR,R,TomCottonAR
"Cotton, Tom",AR,R,SenTomCotton
"Cramer, Kevin",ND,R,kevincramer
"Cramer, Kevin",ND,R,SenKevinCramer
"Crapo, Mike",ID,R,crapo4senate
"Crapo, Mike",ID,R,MikeCrapo
"Cruz, Ted",TX,R,tedcruz
"Cruz, Ted",TX,R,SenTedCruz
"Daines, Steve",MT,R,DainesforMT
"Daines, Steve",MT,R,SteveDaines
"Duckworth, Tammy",IL,D,tammyduckworth
"Duckworth, Tammy",IL,D,TammyforIL
"Duckworth, Tammy",IL,D,SenDuckworth
"Durbin, Richard J.",IL,D,DickDurbin
"Durbin, Richard J.",IL,D,SenatorDurbin
"Ernst, Joni",IA,R,joniernst
"Ernst, Joni",IA,R,SenJoniErnst
"Feinstein, Dianne",CA,D,DianneFeinstein
"Feinstein, Dianne",CA,D,SenFeinstein
"Fischer, Deb",NE,R,DebFischerNE
"Fischer, Deb",NE,R,SenatorFischer
"Gillibrand, Kirsten E.",NY,D,GillibrandNY
"Gillibrand, Kirsten E.",NY,D,SenGillibrand
"Graham, Lindsey",SC,R,GrahamBlog
"Graham, Lindsey",SC,R,LindseyGrahamSC
"Grassley, Chuck",IA,R,GrassleyPress
"Grassley, Chuck",IA,R,ChuckGrassley
"Hagerty, Bill",TN,R,BillHagertyTN
"Hagerty, Bill",TN,R,SenatorHagerty
"Hassan, Margaret Wood",NH,D,Maggie_Hassan
"Hassan, Margaret Wood",NH,D,SenatorHassan
"Hawley, Josh",MO,R,SenHawleyPress
"Hawley, Josh",MO,R,HawleyMO
"Heinrich, Martin",NM,D,TeamHeinrich
"Heinrich, Martin",NM,D,MartinHeinrich
"Hickenlooper, John W.",CO,D,Hickenlooper
"Hickenlooper, John W.",CO,D,SenatorHick
"Hirono, Mazie K.",HI,D,mazieforhawaii
"Hirono, Mazie K.",HI,D,maziehirono
"Hoeven, John",ND,R,hoeven4senate
"Hoeven, John",ND,R,SenJohnHoeven
"Hyde-Smith, Cindy",MS,R,cindyhydesmith
"Hyde-Smith, Cindy",MS,R,SenHydeSmith
"Inhofe, James M.",OK,R,inhofepress
"Inhofe, James M.",OK,R,JimInhofe
"Johnson, Ron",WI,R,RonJohnsonWI
"Johnson, Ron",WI,R,SenRonJohnson
"Kaine, Tim",VA,D,timkaine
"Kelly, Mark",AZ,D,CaptMarkKelly
"Kelly, Mark",AZ,D,SenMarkKelly
"Kennedy, John",LA,R,JohnKennedyLA
"Kennedy, John",LA,R,SenJohnKennedy
"King, Angus S. Jr.",ME,I,SenAngusKing
"Klobuchar, Amy",MN,D,amyklobuchar
"Klobuchar, Amy",MN,D,SenAmyKlobuchar
"Lankford, James",OK,R,jameslankford
"Lankford, James",OK,R,SenatorLankford
"Leahy, Patrick J.",VT,D,PatrickLeahy
"Leahy, Patrick J.",VT,D,SenatorLeahy
"Lee, Mike",UT,R,MikeLeeforUtah
"Lee, Mike",UT,R,SenMikeLee
"Luján, Ben Ray",NM,D,benraylujan
"Luján, Ben Ray",NM,D,SenatorLujan
"Lummis, Cynthia M.",WY,R,CynthiaMLummis
"Lummis, Cynthia M.",WY,R,SenLummis
"Manchin, Joe, III",WV,D,JoeManchinWV
"Manchin, Joe, III",WV,D,Sen_JoeManchin
"Markey, Edward J.",MA,D,EdMarkey
"Markey, Edward J.",MA,D,SenMarkey
"Marshall, Roger",KS,R,rogermarshallmd
"Marshall, Roger",KS,R,SenatorMarshall
"McConnell, Mitch",KY,R,LeaderMcConnell
"McConnell, Mitch",KY,R,McConnellPress
"McConnell, Mitch",KY,R,senatemajldr
"Menendez, Bob",NJ,D,BobMenendezNJ
"Menendez, Bob",NJ,D,SenatorMenendez
"Merkley, Jeff",OR,D,JeffMerkley
"Merkley, Jeff",OR,D,SenJeffMerkley
"Moran, Jerry",KS,R,JerryMoran
"Murkowski, Lisa",AK,R,LisaForSenate
"Murkowski, Lisa",AK,R,lisamurkowski
"Murphy, Christopher",CT,D,SenMurphyOffice
"Murphy, Christopher",CT,D,ChrisMurphyCT
"Murrary, Patty",WA,D,MurrayCampaign
"Murrary, Patty",WA,D,PattyMurray
"Ossoff, Jon",GA,D,SenOssoff
"Ossoff, Jon",GA,D,ossoff
"Padilla, Alex",CA,D,AlexPadilla4CA
"Padilla, Alex",CA,D,SenAlexPadilla
"Paul, Rand",KY,R,DrRandPaul
"Paul, Rand",KY,R,RandPaul
"Peters, Gary C.",MI,D,Peters4Michigan
"Peters, Gary C.",MI,D,SenGaryPeters
"Portman, Rob",OH,R,robportman
"Portman, Rob",OH,R,senrobportman
"Reed, Jack",RI,D,jackreed2020
"Reed, Jack",RI,D,SenJackReed
"Risch, James E.",ID,R,JimRisch
"Risch, James E.",ID,R,SenatorRisch
"Romney, Mitt",UT,R,MittRomney
"Romney, Mitt",UT,R,SenatorRomney
"Rosen, Jacky",NV,D,RosenforNevada
"Rosen, Jacky",NV,D,SenJackyRosen
"Rounds, Mike",SD,R,RoundsforSenate
"Rounds, Mike",SD,R,SenatorRounds
"Rubio, Marco",FL,R,marcorubio
"Sanders, Bernard",VT,I,BernieSanders
"Sanders, Bernard",VT,I,SenSanders
"Sasse, Ben",NE,R,BenSasse
"Sasse, Ben",NE,R,SenSasse
"Schatz, Brian",HI,D,brianschatz
"Schatz, Brian",HI,D,SenBrianSchatz
"Schumer, Charles E.",NY,D,chuckschumer
"Schumer, Charles E.",NY,D,SenSchumer
"Scott, Rick",FL,R,ScottforFlorida
"Scott, Rick",FL,R,SenRickScott
"Scott, Tim",SC,R,votetimscott
"Scott, Tim",SC,R,SenatorTimScott
"Shaheen, Jeanne",NH,D,JeanneShaheen
"Shaheen, Jeanne",NH,D,SenatorShaheen
"Shelby, Richard C.",AL,R,ShelbyForSenate
"Shelby, Richard C.",AL,R,SenShelby
"Sinema, Kyrsten",AZ,D,kyrstensinema
"Sinema, Kyrsten",AZ,D,SenatorSinema
"Smith, Tina",MN,D,TinaSmithMN
"Smith, Tina",MN,D,SenTinaSmith
"Stabenow, Debbie",MI,D,stabenow
"Stabenow, Debbie",MI,D,SenStabenow
"Sullivan, Dan",AK,R,SenDanSullivan
"Tester, Jon",MT,D,jontester
"Tester, Jon",MT,D,SenatorTester
"Thune, John",SD,R,johnthune
"Thune, John",SD,R,SenJohnThune
"Tillis, Thom",NC,R,ThomTillis
"Tillis, Thom",NC,R,SenThomTillis
"Toomey, Patrick J.",PA,R,PatToomey
"Toomey, Patrick J.",PA,R,SenToomey
"Tuberville, Tommy",AL,R,Ttuberville
"Tuberville, Tommy",AL,R,SenTuberville
"Van Hollen, Chris",MD,D,VanHollenForMD
"Van Hollen, Chris",MD,D,ChrisVanHollen
"Warner, Mark R.",VA,D,SenatorWarner
"Warner, Mark R.",VA,D,MarkWarner
"Warnock, Raphael G.",GA,D,ReverendWarnock
"Warnock, Raphael G.",GA,D,SenatorWarnock
"Warren, Elizabeth",MA,D,elizabethforma
"Warren, Elizabeth",MA,D,SenWarren
"Whitehouse, Sheldon",RI,D,SheldonforRI
"Whitehouse, Sheldon",RI,D,SenWhitehouse
"Wicker, Roger F.",MS,R,RogerWicker
"Wicker, Roger F.",MS,R,SenatorWicker
"Wyden, Ron",OR,D,WydenForOregon
"Wyden, Ron",OR,D,RonWyden
"Young, Todd",IN,R,ToddYoungIN
"Young, Todd",IN,R,SenToddYoung
